Domain,LLM,Target_Planner,Coverage_Stage0,Coverage_Stage2,Delta_Coverage,Mean_IPC_Gain,Median_IPC_Gain,Wilcoxon_Stat,Wilcoxon_P_Value,Condition_A_StatSig,Condition_B_PractSig,Condition_C_Coverage,IMPROVEMENT_DETECTED,Failed_Condition,Timestamp,Raw_T_Star_Trace,Raw_Gains_Trace,Raw_Baseline_Scores,Raw_Stage2_Scores
visitall,claude-opus-4-6,bfws,1.0,1.0,0.0,0.017787,0.013195,113.0,0.00058,True,True,True,True,N/A,2026-05-12T10:43:21.921073,"[1.441655, 1.628475, 1.663267, 1.865653, 10.175253, 11.605862, 12.07922, 17.182294, 17.871734, 18.169118, 27.961117, 23.169397, 26.63397, 39.779946, 30.367433]","[0.039896364136134066, 0.021395824926084606, 0.05166729369273648, 0.007873503323156172, 0.0436648303143915, 0.013195311751234229, 0.000695167235241323, 0.01031423556450728, 0.022478331547718278, 0.010667764454716955, 0.023151085876358835, -0.0035529966574281424, -0.008975741061875264, 0.0048849500183267835, 0.029443311498171143]","[0.8671215379974615, 0.9701417278538707, 0.936385135366325, 0.9921264966768438, 0.9563351696856085, 0.9868046882487658, 0.9900130621138621, 0.9417165398025863, 0.9775216684522817, 0.9192872770778818, 0.9564798748908078, 0.9766578937888395, 0.9460444030816199, 0.9876187328925474, 0.9705566885018289]","[0.9070179021335956, 0.9915375527799553, 0.9880524290590614, 1.0, 1.0, 1.0, 0.9907082293491034, 0.9520307753670936, 1.0, 0.9299550415325988, 0.9796309607671666, 0.9731048971314114, 0.9370686620197446, 0.9925036829108742, 1.0]"
visitall,gpt-5.4-2026-03-05,lama,1.0,1.0,0.0,0.02566,0.020307,118.0,9.2e-05,True,True,True,True,N/A,2026-05-12T10:43:21.942608,"[3.744145, 4.274904, 4.800498, 5.437409, 31.415443, 33.679753, 37.337827, 44.235115, 46.332682, 50.142547, 53.385797, 60.701439, 71.428663, 72.919019, 81.523445]","[0.03681702700596312, 0.026446075000503333, 0.020307340028216325, 0.034846658336257774, 0.010298810263318914, 0.0007837059356515796, 0.01583755403251408, -0.0008523043791385243, 0.005444982915597918, 0.002280831893575086, 0.012309843444294977, 0.056311289822587374, 0.060828760024385975, 0.04380495998439793, 0.059441087581381225]","[0.9089454688831325, 0.9691229421830589, 0.9796926599717837, 0.9651533416637422, 0.9897011897366811, 0.9761342239632154, 0.9784276155683109, 1.0, 0.9945550170844021, 0.9977191681064249, 0.987690156555705, 0.9331738532905584, 0.939171239975614, 0.9408787849903572, 0.9276734734453572]","[0.9457624958890957, 0.9955690171835623, 1.0, 1.0, 1.0, 0.9769179298988669, 0.994265169600825, 0.9991476956208615, 1.0, 1.0, 1.0, 0.9894851431131457, 1.0, 0.9846837449747551, 0.9871145610267384]"
visitall,gpt-5.4-2026-03-05,bfws,1.0,1.0,0.0,0.013434,0.004997,74.0,0.227142,True,True,True,True,N/A,2026-05-12T10:43:21.964578,"[1.441655, 1.628475, 1.663267, 1.865653, 10.175253, 11.605862, 12.07922, 17.182294, 17.871734, 18.169118, 27.961117, 23.169397, 26.63397, 39.779946, 30.367433]","[0.12295336407303048, 0.02985827214612935, 0.06361486463367505, -0.0004762466431769141, -0.02756429982088504, 0.007147769183835417, 0.004997413544850282, 0.058283460197413706, -0.013714299775778649, 0.08071272292211817, 0.04352012510919223, -0.02544481885415817, -0.044886209821809464, -0.05258355015415106, -0.04490969522859278]","[0.8671215379974615, 0.9701417278538707, 0.936385135366325, 0.9921264966768438, 0.9563351696856085, 0.9868046882487658, 0.9900130621138621, 0.9417165398025863, 0.9775216684522817, 0.9192872770778818, 0.9564798748908078, 0.9766578937888395, 0.9460444030816199, 0.9876187328925474, 0.9705566885018289]","[0.990074902070492, 1.0, 1.0, 0.9916502500336669, 0.9287708698647235, 0.9939524574326012, 0.9950104756587124, 1.0, 0.9638073686765031, 1.0, 1.0, 0.9512130749346813, 0.9011581932598104, 0.9350351827383964, 0.9256469932732361]"
visitall,gpt-5.4-2026-03-05,decstar,0.0,0.0,0.0,0.0,0.0,N/A,1.0,False,False,True,False,"A(Stat), B(Prac)",2026-05-12T10:43:21.983817,"[null, null, null, null, null, null, null, null, null, null, null, null, null, null, null]","[0.0, 0.0, 0.0, 0.0, 0.0, 0.0, 0.0, 0.0, 0.0, 0.0, 0.0, 0.0, 0.0, 0.0, 0.0]","[0.0, 0.0, 0.0, 0.0, 0.0, 0.0, 0.0, 0.0, 0.0, 0.0, 0.0, 0.0, 0.0, 0.0, 0.0]","[0.0, 0.0, 0.0, 0.0, 0.0, 0.0, 0.0, 0.0, 0.0, 0.0, 0.0, 0.0, 0.0, 0.0, 0.0]"
visitall,gpt-5.4-2026-03-05,madagascar,0.0,0.0,0.0,0.0,0.0,N/A,1.0,False,False,True,False,"A(Stat), B(Prac)",2026-05-12T10:43:22.003568,"[null, null, null, null, null, null, null, null, null, null, null, null, null, null, null]","[0.0, 0.0, 0.0, 0.0, 0.0, 0.0, 0.0, 0.0, 0.0, 0.0, 0.0, 0.0, 0.0, 0.0, 0.0]","[0.0, 0.0, 0.0, 0.0, 0.0, 0.0, 0.0, 0.0, 0.0, 0.0, 0.0, 0.0, 0.0, 0.0, 0.0]","[0.0, 0.0, 0.0, 0.0, 0.0, 0.0, 0.0, 0.0, 0.0, 0.0, 0.0, 0.0, 0.0, 0.0, 0.0]"
snake,gpt-5.4-2026-03-05,bfws,0.533333,0.533333,0.0,0.013278,0.0,30.0,0.054688,True,True,True,True,N/A,2026-05-12T10:43:22.024834,"[3.404625, 36.85394, 46.158731, 70.871636, 133.709304, 194.635307, 250.535657, 299.767597, null, null, null, null, null, null, null]","[0.008799409518080559, -0.051942728671612315, 0.022747422506146142, 0.05706822888032359, 0.08216598073458625, 0.031250025339192855, 0.028503468040453117, 0.020573013585769906, 0.0, 0.0, 0.0, 0.0, 0.0, 0.0, 0.0]","[0.9912005904819194, 1.0, 0.960596773519536, 0.9256620844729959, 0.9178340192654137, 0.9501836943862867, 0.9633611911628679, 0.9603623444202007, 0.0, 0.0, 0.0, 0.0, 0.0, 0.0, 0.0]","[1.0, 0.9480572713283877, 0.9833441960256821, 0.9827303133533195, 1.0, 0.9814337197254795, 0.991864659203321, 0.9809353580059706, 0.0, 0.0, 0.0, 0.0, 0.0, 0.0, 0.0]"
visitall,claude-opus-4-6,lama,1.0,1.0,0.0,0.018572,0.015446,89.0,0.053497,True,True,True,True,N/A,2026-05-12T10:43:22.045550,"[3.744145, 4.274904, 4.800498, 5.437409, 31.415443, 33.679753, 37.337827, 44.235115, 46.332682, 50.142547, 53.385797, 60.701439, 71.428663, 72.919019, 81.523445]","[0.08876169112054977, 0.01789604357872343, 0.013620115909084407, 0.031548274946661015, -0.024454714699084112, -0.006582567238104131, 0.015445505621852984, -0.014192696936499716, -0.030477158449509933, -0.022580324153253284, -0.003451226643180094, 0.03772680123705141, 0.05405029811104167, 0.05912121500964285, 0.062151015998331394]","[0.9089454688831325, 0.9691229421830589, 0.9796926599717837, 0.9651533416637422, 0.9897011897366811, 0.9761342239632154, 0.9784276155683109, 1.0, 0.9945550170844021, 0.9977191681064249, 0.987690156555705, 0.9331738532905584, 0.939171239975614, 0.9408787849903572, 0.9276734734453572]","[0.9977071600036823, 0.9870189857617824, 0.9933127758808681, 0.9967016166104032, 0.965246475037597, 0.9695516567251112, 0.9938731211901639, 0.9858073030635003, 0.9640778586348921, 0.9751388439531716, 0.9842389299125249, 0.9709006545276098, 0.9932215380866557, 1.0, 0.9898244894436886]"
visitall,gemini-3.1-pro-preview-customtools,lama,1.0,1.0,0.0,0.023289,0.023866,100.0,0.010773,True,True,True,True,N/A,2026-05-12T10:43:22.067365,"[3.744145, 4.274904, 4.800498, 5.437409, 31.415443, 33.679753, 37.337827, 44.235115, 46.332682, 50.142547, 53.385797, 60.701439, 71.428663, 72.919019, 81.523445]","[0.09105453111686745, 0.030877057816941056, 0.013871529787506054, 0.032946165429121876, -0.030651176190278906, 0.023865776036784636, 0.00971112722253853, -0.005637649938204259, -0.012244208613905516, -0.010312009440902048, -0.009320426811666227, 0.03962172174477829, 0.05964642547196852, 0.05277994233817718, 0.06313314233179268]","[0.9089454688831325, 0.9691229421830589, 0.9796926599717837, 0.9651533416637422, 0.9897011897366811, 0.9761342239632154, 0.9784276155683109, 1.0, 0.9945550170844021, 0.9977191681064249, 0.987690156555705, 0.9331738532905584, 0.939171239975614, 0.9408787849903572, 0.9276734734453572]","[1.0, 1.0, 0.9935641897592897, 0.9980995070928641, 0.9590500135464022, 1.0, 0.9881387427908495, 0.9943623500617957, 0.9823108084704966, 0.9874071586655229, 0.9783697297440388, 0.9727955750353366, 0.9988176654475825, 0.9936587273285343, 0.9908066157771499]"
visitall,deepseek-reasoner,lama,1.0,1.0,0.0,0.018878,0.021572,97.0,0.01767,True,True,True,True,N/A,2026-05-12T10:43:22.087969,"[3.744145, 4.274904, 4.800498, 5.437409, 31.415443, 33.679753, 37.337827, 44.235115, 46.332682, 50.142547, 53.385797, 60.701439, 71.428663, 72.919019, 81.523445]","[0.0832927988296227, 0.026422554862603254, 0.00889777514447987, 0.028734433480084753, -0.015491330096260247, -0.025211596971624894, 0.021572384431689073, -0.014374105837828166, -0.01565418655249018, 0.0017731997313970016, 0.002001685634190009, 0.02548059302700567, 0.044334189623558284, 0.052903601187749394, 0.05848839573921072]","[0.9089454688831325, 0.9691229421830589, 0.9796926599717837, 0.9651533416637422, 0.9897011897366811, 0.9761342239632154, 0.9784276155683109, 1.0, 0.9945550170844021, 0.9977191681064249, 0.987690156555705, 0.9331738532905584, 0.939171239975614, 0.9408787849903572, 0.9276734734453572]","[0.9922382677127553, 0.9955454970456622, 0.9885904351162635, 0.993887775143827, 0.9742098596404208, 0.9509226269915905, 1.0, 0.9856258941621718, 0.9789008305319119, 0.9994923678378219, 0.989691842189895, 0.958654446317564, 0.9835054295991723, 0.9937823861781065, 0.9861618691845679]"
snake,gpt-5.4-2026-03-05,lama,0.133333,0.133333,0.0,0.006575,0.0,3.0,0.25,True,True,True,True,N/A,2026-05-12T10:43:22.108239,"[5.764667, 155.558424, null, null, null, null, null, null, null, null, null, null, null, null, null]","[0.08525713614976871, 0.013366168361679143, 0.0, 0.0, 0.0, 0.0, 0.0, 0.0, 0.0, 0.0, 0.0, 0.0, 0.0, 0.0, 0.0]","[0.9147428638502313, 0.969185452274972, 0.0, 0.0, 0.0, 0.0, 0.0, 0.0, 0.0, 0.0, 0.0, 0.0, 0.0, 0.0, 0.0]","[1.0, 0.9825516206366511, 0.0, 0.0, 0.0, 0.0, 0.0, 0.0, 0.0, 0.0, 0.0, 0.0, 0.0, 0.0, 0.0]"
snake,claude-opus-4-6,bfws,0.533333,0.533333,0.0,-0.022495,0.0,2.0,0.992188,False,False,True,False,"A(Stat), B(Prac)",2026-05-12T10:43:22.128715,"[3.404625, 36.85394, 46.158731, 70.871636, 133.709304, 194.635307, 250.535657, 299.767597, null, null, null, null, null, null, null]","[-0.004183866631978894, -0.13272111200011427, -0.07931807084560472, -0.04561543471216778, 0.00835677777085253, -0.01089850053857555, -0.05121902945742973, -0.02182455948687756, 0.0, 0.0, 0.0, 0.0, 0.0, 0.0, 0.0]","[0.9912005904819194, 1.0, 0.960596773519536, 0.9256620844729959, 0.9178340192654137, 0.9501836943862867, 0.9633611911628679, 0.9603623444202007, 0.0, 0.0, 0.0, 0.0, 0.0, 0.0, 0.0]","[0.9870167238499405, 0.8672788879998857, 0.8812787026739313, 0.8800466497608281, 0.9261907970362663, 0.9392851938477111, 0.9121421617054382, 0.9385377849333232, 0.0, 0.0, 0.0, 0.0, 0.0, 0.0, 0.0]"
visitall,claude-opus-4-6,decstar,0.0,0.0,0.0,0.0,0.0,N/A,1.0,False,False,True,False,"A(Stat), B(Prac)",2026-05-12T10:43:22.147482,"[null, null, null, null, null, null, null, null, null, null, null, null, null, null, null]","[0.0, 0.0, 0.0, 0.0, 0.0, 0.0, 0.0, 0.0, 0.0, 0.0, 0.0, 0.0, 0.0, 0.0, 0.0]","[0.0, 0.0, 0.0, 0.0, 0.0, 0.0, 0.0, 0.0, 0.0, 0.0, 0.0, 0.0, 0.0, 0.0, 0.0]","[0.0, 0.0, 0.0, 0.0, 0.0, 0.0, 0.0, 0.0, 0.0, 0.0, 0.0, 0.0, 0.0, 0.0, 0.0]"
visitall,claude-opus-4-6,madagascar,0.0,0.0,0.0,0.0,0.0,N/A,1.0,False,False,True,False,"A(Stat), B(Prac)",2026-05-12T10:43:22.166402,"[null, null, null, null, null, null, null, null, null, null, null, null, null, null, null]","[0.0, 0.0, 0.0, 0.0, 0.0, 0.0, 0.0, 0.0, 0.0, 0.0, 0.0, 0.0, 0.0, 0.0, 0.0]","[0.0, 0.0, 0.0, 0.0, 0.0, 0.0, 0.0, 0.0, 0.0, 0.0, 0.0, 0.0, 0.0, 0.0, 0.0]","[0.0, 0.0, 0.0, 0.0, 0.0, 0.0, 0.0, 0.0, 0.0, 0.0, 0.0, 0.0, 0.0, 0.0, 0.0]"
snake,claude-opus-4-6,lama,0.133333,0.133333,0.0,0.005699,0.0,3.0,0.25,True,True,True,True,N/A,2026-05-12T10:43:22.185654,"[5.764667, 155.558424, null, null, null, null, null, null, null, null, null, null, null, null, null]","[0.07135173538099715, 0.014128717166427607, 0.0, 0.0, 0.0, 0.0, 0.0, 0.0, 0.0, 0.0, 0.0, 0.0, 0.0, 0.0, 0.0]","[0.9147428638502313, 0.969185452274972, 0.0, 0.0, 0.0, 0.0, 0.0, 0.0, 0.0, 0.0, 0.0, 0.0, 0.0, 0.0, 0.0]","[0.9860945992312284, 0.9833141694413996, 0.0, 0.0, 0.0, 0.0, 0.0, 0.0, 0.0, 0.0, 0.0, 0.0, 0.0, 0.0, 0.0]"
visitall,gemini-3.1-pro-preview-customtools,bfws,1.0,1.0,0.0,-0.047126,-0.060811,20.0,0.990967,False,False,True,False,"A(Stat), B(Prac)",2026-05-12T10:43:22.206689,"[1.441655, 1.628475, 1.663267, 1.865653, 10.175253, 11.605862, 12.07922, 17.182294, 17.871734, 18.169118, 27.961117, 23.169397, 26.63397, 39.779946, 30.367433]","[0.1328784620025385, 0.012622098101312873, 0.05360445668136593, -0.003533443275513748, -0.06576196110882415, -0.11859334966074753, -0.1426392776717902, -0.04533401948709803, -0.08497759813206252, -0.060811182101644046, -0.058311204615858814, -0.11345745800252138, -0.06025195165018571, -0.08509022618058937, -0.06723655914727567]","[0.8671215379974615, 0.9701417278538707, 0.936385135366325, 0.9921264966768438, 0.9563351696856085, 0.9868046882487658, 0.9900130621138621, 0.9417165398025863, 0.9775216684522817, 0.9192872770778818, 0.9564798748908078, 0.9766578937888395, 0.9460444030816199, 0.9876187328925474, 0.9705566885018289]","[1.0, 0.9827638259551835, 0.9899895920476909, 0.9885930534013301, 0.8905732085767843, 0.8682113385880182, 0.8473737844420719, 0.8963825203154883, 0.8925440703202192, 0.8584760949762378, 0.898168670274949, 0.8632004357863181, 0.8857924514314341, 0.9025285067119581, 0.9033201293545532]"
visitall,deepseek-reasoner,bfws,1.0,1.0,0.0,-0.074676,-0.098833,14.0,0.997314,False,False,True,False,"A(Stat), B(Prac)",2026-05-12T10:43:22.227482,"[1.441655, 1.628475, 1.663267, 1.865653, 10.175253, 11.605862, 12.07922, 17.182294, 17.871734, 18.169118, 27.961117, 23.169397, 26.63397, 39.779946, 30.367433]","[0.11690749473306017, 0.0006205107594704495, 0.02294652604950187, -0.04339909379499307, -0.09883347811262755, -0.1406985833131591, -0.15524620406528122, -0.0749789871245563, -0.11666648921091027, -0.06981143040596893, -0.08886950661256099, -0.13688915761694842, -0.10089254796716651, -0.12005036222229482, -0.11428543353225085]","[0.8671215379974615, 0.9701417278538707, 0.936385135366325, 0.9921264966768438, 0.9563351696856085, 0.9868046882487658, 0.9900130621138621, 0.9417165398025863, 0.9775216684522817, 0.9192872770778818, 0.9564798748908078, 0.9766578937888395, 0.9460444030816199, 0.9876187328925474, 0.9705566885018289]","[0.9840290327305217, 0.9707622386133411, 0.9593316614158268, 0.9487274028818508, 0.857501691572981, 0.8461061049356067, 0.8347668580485809, 0.86673755267803, 0.8608551792413714, 0.8494758466719129, 0.8676103682782468, 0.8397687361718911, 0.8451518551144533, 0.8675683706702526, 0.856271254969578]"
ricochet-robots,gpt-5.4-2026-03-05,bfws,0.733333,0.6,-0.133333,-0.145651,-0.017658,4.0,0.997559,False,False,False,False,"A(Stat), B(Prac), C(Cov)",2026-05-12T10:43:22.247763,"[110.747201, 214.030221, 10.776984, 288.375605, 129.462234, 30.037134, 27.715418, 332.917744, 118.440422, 254.998558, null, 296.251477, 250.350337, 211.121752, null]","[-0.01293109028555628, -0.03441693316215577, -0.017658340057916888, -0.9342917452988728, -0.03132629015281141, -0.1140365087208276, -0.05014424932623618, -0.9821070091211659, 0.012213592270861162, -0.035270361116316096, 0.0, 0.015206930360834647, 0.0, 0.0, 0.0]","[0.9141924813493729, 1.0, 0.9892412018960028, 0.9342917452988728, 0.9311904258956692, 1.0, 0.9146428641423987, 0.9821070091211659, 0.935186992490068, 0.9685162733615456, 0.0, 0.9505482544050555, 0.0, 0.0, 0.0]","[0.9012613910638166, 0.9655830668378442, 0.971582861838086, 0.0, 0.8998641357428578, 0.8859634912791724, 0.8644986148161625, 0.0, 0.9474005847609291, 0.9332459122452295, 0.0, 0.9657551847658902, 0.0, 0.0, 0.0]"
snake,gpt-5.4-2026-03-05,decstar,0.2,0.2,0.0,7e-05,0.0,3.0,0.625,False,True,True,False,A(Stat),2026-05-12T10:43:22.267929,"[3.848897, 95.23599, 148.534933, null, null, null, null, null, null, null, null, null, null, null, null]","[0.005729248240077811, 0.004832229289075118, -0.009514105611363566, 0.0, 0.0, 0.0, 0.0, 0.0, 0.0, 0.0, 0.0, 0.0, 0.0, 0.0, 0.0]","[0.9015756775233511, 0.9364717048454266, 0.9595765863099995, 0.0, 0.0, 0.0, 0.0, 0.0, 0.0, 0.0, 0.0, 0.0, 0.0, 0.0, 0.0]","[0.9073049257634289, 0.9413039341345018, 0.950062480698636, 0.0, 0.0, 0.0, 0.0, 0.0, 0.0, 0.0, 0.0, 0.0, 0.0, 0.0, 0.0]"
snake,gpt-5.4-2026-03-05,madagascar,0.4,0.333333,-0.066667,-0.009177,0.0,11.0,0.5,False,False,False,False,"A(Stat), B(Prac), C(Cov)",2026-05-12T10:43:22.287340,"[4.016503, 5.199251, 6.716634, null, 13.67793, 112.382252, 41.580073, 38.61242, 242.022148, null, null, 264.586642, null, null, null]","[0.05957280420143296, 0.5030844607703675, 0.29922031819472084, 0.0, -0.016416564900056496, 0.0, 0.0, -0.07815638477320674, -0.9049670350435342, 0.0, 0.0, 0.0, 0.0, 0.0, 0.0]","[0.903020334935343, 0.4969155392296325, 0.5291872081871992, 0.0, 0.8891625635539413, 0.0, 0.0, 0.8831792672530613, 0.9049670350435342, 0.0, 0.0, 0.0, 0.0, 0.0, 0.0]","[0.9625931391367759, 1.0, 0.8284075263819201, 0.0, 0.8727459986538848, 0.0, 0.0, 0.8050228824798545, 0.0, 0.0, 0.0, 0.0, 0.0, 0.0, 0.0]"
ricochet-robots,claude-opus-4-6,bfws,0.733333,0.733333,0.0,-0.039294,-0.046603,24.0,0.936401,False,False,True,False,"A(Stat), B(Prac)",2026-05-12T10:43:22.308150,"[110.747201, 214.030221, 10.776984, 288.375605, 129.462234, 30.037134, 27.715418, 332.917744, 118.440422, 254.998558, null, 296.251477, 250.350337, 211.121752, null]","[-0.058543993670183925, -0.046602612949652844, -0.046628829531324856, -0.9342917452988728, -0.06792267429802246, -0.1073598894536405, -0.04383423792490149, -0.9821070091211659, -0.04355579940946208, -0.04745173717830531, 0.0, 0.04578633698027912, 0.880516676158876, 0.862581945490552, 0.0]","[0.9141924813493729, 1.0, 0.9892412018960028, 0.9342917452988728, 0.9311904258956692, 1.0, 0.9146428641423987, 0.9821070091211659, 0.935186992490068, 0.9685162733615456, 0.0, 0.9505482544050555, 0.0, 0.0, 0.0]","[0.855648487679189, 0.9533973870503472, 0.942612372364678, 0.0, 0.8632677515976468, 0.8926401105463595, 0.8708086262174972, 0.0, 0.8916311930806059, 0.9210645361832402, 0.0, 0.9963345913853346, 0.880516676158876, 0.862581945490552, 0.0]"
ricochet-robots,claude-opus-4-6,lama,0.4,0.4,0.0,0.000876,0.0,17.0,0.109375,True,True,True,True,N/A,2026-05-12T10:43:22.328216,"[190.243118, 265.928599, 104.522905, null, 86.956337, 348.67077, null, null, null, 65.677365, 337.273563, null, null, null, null]","[0.0022150300273482415, -0.0030368306148372826, 0.0043116238686603525, 0.0, 0.0014117426833221147, 0.0, 0.0, 0.0, 0.0, 0.007580060880538975, 0.000656818313192753, 0.0, 0.0, 0.0, 0.0]","[0.9840199480938094, 0.983015108182803, 0.9778613871820621, 0.0, 0.9810664655044171, 0.0, 0.0, 0.0, 0.0, 0.9771620789222595, 0.9826985123776253, 0.0, 0.0, 0.0, 0.0]","[0.9862349781211577, 0.9799782775679657, 0.9821730110507224, 0.0, 0.9824782081877392, 0.0, 0.0, 0.0, 0.0, 0.9847421398027985, 0.983355330690818, 0.0, 0.0, 0.0, 0.0]"
snake,claude-opus-4-6,madagascar,0.4,0.466667,0.066667,0.077144,0.0,19.0,0.234375,True,True,True,True,N/A,2026-05-12T10:43:22.348253,"[4.016503, 5.199251, 6.716634, null, 13.67793, 112.382252, 41.580073, 38.61242, 242.022148, null, null, 264.586642, null, null, null]","[0.058738601187181105, 0.2648858827764521, -0.12635388787145102, 0.0, -0.01059677363637912, 0.0, 0.0, -0.044160259733808216, 0.014653031084101986, 0.0, 0.0, 1.0, 0.0, 0.0, 0.0]","[0.903020334935343, 0.4969155392296325, 0.5291872081871992, 0.0, 0.8891625635539413, 0.0, 0.0, 0.8831792672530613, 0.9049670350435342, 0.0, 0.0, 0.0, 0.0, 0.0, 0.0]","[0.961758936122524, 0.7618014220060846, 0.4028333203157482, 0.0, 0.8785657899175622, 0.0, 0.0, 0.8390190075192531, 0.9196200661276361, 0.0, 0.0, 1.0, 0.0, 0.0, 0.0]"
depots,claude-opus-4-6,bfws,1.0,1.0,0.0,0.085,0.085894,106.0,0.003357,True,True,True,True,N/A,2026-05-12T10:43:22.369186,"[0.458266, 0.478988, 0.652313, 0.532521, 0.511773, 0.633205, 0.863877, 0.913572, 1.620634, 0.592274, 1.017127, 0.668989, 1.121095, 1.885236, 1.620167]","[0.07122274905943105, 0.09880121863389246, 0.07600736385936913, 0.1029039564430374, 0.09208522869144131, 0.08762397663729993, 0.5899429898280399, -0.36333694466009714, 0.06129428082051536, 0.0949298168453735, 0.08589359593266943, 0.0842129867466811, 0.08678470023884288, 0.08470364195723479, 0.02192973353477179]","[0.9093229190951773, 0.9011987813661075, 0.9135630868811788, 0.8970960435569626, 0.8918539992591069, 0.9123760233627001, 0.41005701017196006, 0.9318393215151013, 0.9387057191794846, 0.9050701831546265, 0.9141064040673306, 0.9140124604711871, 0.9132152997611571, 0.9152963580427652, 0.5641818102609699]","[0.9805456681546083, 1.0, 0.989570450740548, 1.0, 0.9839392279505482, 1.0, 1.0, 0.5685023768550042, 1.0, 1.0, 1.0, 0.9982254472178682, 1.0, 1.0, 0.5861115437957417]"
visitall,deepseek-reasoner,decstar,0.0,0.0,0.0,0.0,0.0,N/A,1.0,False,False,True,False,"A(Stat), B(Prac)",2026-05-12T10:43:22.387647,"[null, null, null, null, null, null, null, null, null, null, null, null, null, null, null]","[0.0, 0.0, 0.0, 0.0, 0.0, 0.0, 0.0, 0.0, 0.0, 0.0, 0.0, 0.0, 0.0, 0.0, 0.0]","[0.0, 0.0, 0.0, 0.0, 0.0, 0.0, 0.0, 0.0, 0.0, 0.0, 0.0, 0.0, 0.0, 0.0, 0.0]","[0.0, 0.0, 0.0, 0.0, 0.0, 0.0, 0.0, 0.0, 0.0, 0.0, 0.0, 0.0, 0.0, 0.0, 0.0]"
barman,gpt-5.4-2026-03-05,bfws,1.0,1.0,0.0,0.025408,0.026626,120.0,3.1e-05,True,True,True,True,N/A,2026-05-12T10:43:22.408792,"[38.825574, 50.260899, 46.732993, 31.593948, 52.032441, 73.344021, 22.828888, 53.503028, 47.653656, 130.788162, 7.739418, 48.328135, 20.325942, 34.037335, 57.866367]","[0.03083819390557163, 0.014693052748827484, 0.020916801702932086, 0.0352169712563728, 0.026625984413750636, 0.028679094208913458, 0.030576581274682546, 0.01879492078106082, 0.024650650373884142, 0.013552245636441418, 0.011776649924038152, 0.03317957899535773, 0.017300798792200145, 0.04687571037336136, 0.02744740676346613]","[0.9691618060944284, 0.9649502877912061, 0.9282344820339054, 0.9647830287436272, 0.9562415216343427, 0.9713209057910865, 0.9672159505067038, 0.9714074930775227, 0.9753493496261159, 0.9831615980866517, 0.6370112762658287, 0.9668204210046423, 0.9826992012077999, 0.9130085802218962, 0.9685512815506824]","[1.0, 0.9796433405400335, 0.9491512837368374, 1.0, 0.9828675060480934, 1.0, 0.9977925317813864, 0.9902024138585835, 1.0, 0.9967138437230931, 0.6487879261898668, 1.0, 1.0, 0.9598842905952576, 0.9959986883141485]"
snake,gemini-3.1-pro-preview-customtools,bfws,0.533333,0.466667,-0.066667,-0.084156,-0.004959,0.0,1.0,False,False,False,False,"A(Stat), B(Prac), C(Cov)",2026-05-12T10:43:22.428669,"[3.404625, 36.85394, 46.158731, 70.871636, 133.709304, 194.635307, 250.535657, 299.767597, null, null, null, null, null, null, null]","[-0.004959204712305487, -0.11196592965599528, -0.0527031086989691, -0.07688961760760982, -0.007205985272368265, -0.01267027052062697, -0.9633611911628679, -0.03258715961830516, 0.0, 0.0, 0.0, 0.0, 0.0, 0.0, 0.0]","[0.9912005904819194, 1.0, 0.960596773519536, 0.9256620844729959, 0.9178340192654137, 0.9501836943862867, 0.9633611911628679, 0.9603623444202007, 0.0, 0.0, 0.0, 0.0, 0.0, 0.0, 0.0]","[0.986241385769614, 0.8880340703440047, 0.9078936648205669, 0.8487724668653861, 0.9106280339930455, 0.9375134238656597, 0.0, 0.9277751848018956, 0.0, 0.0, 0.0, 0.0, 0.0, 0.0, 0.0]"
depots,gpt-5.4-2026-03-05,lama,1.0,1.0,0.0,0.034665,0.034366,117.0,0.000153,True,True,True,True,N/A,2026-05-12T10:43:22.449146,"[0.593492, 0.603006, 0.71934, 0.764925, 0.667625, 1.106661, 3.042451, 2.406425, 6.17613, 0.820642, 1.04094, 0.848448, 1.173654, 5.299764, 2.226147]","[0.06498910376144074, 0.06109659299236003, 0.03995418659317196, 0.03171211634647686, 0.07295758343186842, 0.0705879795733404, 0.017107250782382954, 0.0028988876328630564, -0.007674035564347204, 0.05302007119072294, 0.034365806762107765, 0.05103182900400871, 0.016023096003776827, 0.0009774481424911219, 0.010921901245529164]","[0.9255830214919459, 0.9067377509966608, 0.9291484071951356, 0.9408003461997061, 0.9064884757220669, 0.9177655857783786, 0.9668663768781527, 0.9800469118131504, 0.9906235337474795, 0.9397711216790743, 0.9435272558315277, 0.9270553948000517, 0.947635139476055, 0.9845247321180475, 0.9838199006220392]","[0.9905721252533867, 0.9678343439890208, 0.9691025937883075, 0.972512462546183, 0.9794460591539353, 0.988353565351719, 0.9839736276605356, 0.9829457994460135, 0.9829494981831323, 0.9927911928697972, 0.9778930625936355, 0.9780872238040604, 0.9636582354798319, 0.9855021802605386, 0.9947418018675683]"
depots,claude-opus-4-6,lama,1.0,1.0,0.0,0.034458,0.031217,116.0,0.000214,True,True,True,True,N/A,2026-05-12T10:43:22.470151,"[0.593492, 0.603006, 0.71934, 0.764925, 0.667625, 1.106661, 3.042451, 2.406425, 6.17613, 0.820642, 1.04094, 0.848448, 1.173654, 5.299764, 2.226147]","[0.061044577418772894, 0.07850009061484009, 0.027341160138351195, 0.02135396145959445, 0.06405027524321594, 0.06303230228924239, 0.005404992677417453, 0.008583257550629608, -0.008009655186009934, 0.05926137748719851, 0.04250683454341864, 0.05682499910915051, 0.031217048864222274, 0.002601435241531558, 0.003159728068777179]","[0.9255830214919459, 0.9067377509966608, 0.9291484071951356, 0.9408003461997061, 0.9064884757220669, 0.9177655857783786, 0.9668663768781527, 0.9800469118131504, 0.9906235337474795, 0.9397711216790743, 0.9435272558315277, 0.9270553948000517, 0.947635139476055, 0.9845247321180475, 0.9838199006220392]","[0.9866275989107188, 0.9852378416115009, 0.9564895673334868, 0.9621543076593005, 0.9705387509652829, 0.980797888067621, 0.9722713695555701, 0.98863016936378, 0.9826138785614695, 0.9990324991662728, 0.9860340903749464, 0.9838803939092022, 0.9788521883402773, 0.987126167359579, 0.9869796286908163]"
snake,gemini-3.1-pro-preview-customtools,lama,0.133333,0.133333,0.0,0.005699,0.0,3.0,0.25,True,True,True,True,N/A,2026-05-12T10:43:22.489173,"[5.764667, 155.558424, null, null, null, null, null, null, null, null, null, null, null, null, null]","[0.06805561662008941, 0.017427128722859675, 0.0, 0.0, 0.0, 0.0, 0.0, 0.0, 0.0, 0.0, 0.0, 0.0, 0.0, 0.0, 0.0]","[0.9147428638502313, 0.969185452274972, 0.0, 0.0, 0.0, 0.0, 0.0, 0.0, 0.0, 0.0, 0.0, 0.0, 0.0, 0.0, 0.0]","[0.9827984804703207, 0.9866125809978317, 0.0, 0.0, 0.0, 0.0, 0.0, 0.0, 0.0, 0.0, 0.0, 0.0, 0.0, 0.0, 0.0]"
visitall,gemini-3.1-pro-preview-customtools,madagascar,0.0,0.0,0.0,0.0,0.0,N/A,1.0,False,False,True,False,"A(Stat), B(Prac)",2026-05-12T10:43:22.507961,"[null, null, null, null, null, null, null, null, null, null, null, null, null, null, null]","[0.0, 0.0, 0.0, 0.0, 0.0, 0.0, 0.0, 0.0, 0.0, 0.0, 0.0, 0.0, 0.0, 0.0, 0.0]","[0.0, 0.0, 0.0, 0.0, 0.0, 0.0, 0.0, 0.0, 0.0, 0.0, 0.0, 0.0, 0.0, 0.0, 0.0]","[0.0, 0.0, 0.0, 0.0, 0.0, 0.0, 0.0, 0.0, 0.0, 0.0, 0.0, 0.0, 0.0, 0.0, 0.0]"
barman,claude-opus-4-6,bfws,1.0,1.0,0.0,0.011611,0.005644,89.0,0.053497,True,True,True,True,N/A,2026-05-12T10:43:22.529249,"[38.825574, 50.260899, 46.732993, 31.593948, 52.032441, 73.344021, 22.828888, 53.503028, 47.653656, 130.788162, 7.739418, 48.328135, 20.325942, 34.037335, 57.866367]","[-0.0004378651131502487, 0.03504971220879394, 0.018487305134976206, -0.025258598824233314, 0.015260976951366856, 0.008440473176732799, 0.03139919443008243, -0.0017678656982866858, 0.0056439991984224, -0.00670345846249254, 0.005306760066508209, -0.01016621601304657, -0.001614776473102486, 0.07296975570503739, 0.027561927883292814]","[0.9691618060944284, 0.9649502877912061, 0.9282344820339054, 0.9647830287436272, 0.9562415216343427, 0.9713209057910865, 0.9672159505067038, 0.9714074930775227, 0.9753493496261159, 0.9831615980866517, 0.6370112762658287, 0.9668204210046423, 0.9826992012077999, 0.9130085802218962, 0.9685512815506824]","[0.9687239409812781, 1.0, 0.9467217871688816, 0.9395244299193939, 0.9715024985857096, 0.9797613789678193, 0.9986151449367863, 0.969639627379236, 0.9809933488245383, 0.9764581396241592, 0.6423180363323369, 0.9566542049915957, 0.9810844247346974, 0.9859783359269336, 0.9961132094339752]"
visitall,gemini-3.1-pro-preview-customtools,decstar,0.0,0.0,0.0,0.0,0.0,N/A,1.0,False,False,True,False,"A(Stat), B(Prac)",2026-05-12T10:43:22.547986,"[null, null, null, null, null, null, null, null, null, null, null, null, null, null, null]","[0.0, 0.0, 0.0, 0.0, 0.0, 0.0, 0.0, 0.0, 0.0, 0.0, 0.0, 0.0, 0.0, 0.0, 0.0]","[0.0, 0.0, 0.0, 0.0, 0.0, 0.0, 0.0, 0.0, 0.0, 0.0, 0.0, 0.0, 0.0, 0.0, 0.0]","[0.0, 0.0, 0.0, 0.0, 0.0, 0.0, 0.0, 0.0, 0.0, 0.0, 0.0, 0.0, 0.0, 0.0, 0.0]"
ricochet-robots,gemini-3.1-pro-preview-customtools,bfws,0.733333,0.733333,0.0,0.019528,0.006527,55.0,0.026855,True,True,True,True,N/A,2026-05-12T10:43:22.572462,"[110.747201, 214.030221, 10.776984, 288.375605, 129.462234, 30.037134, 27.715418, 332.917744, 118.440422, 254.998558, null, 296.251477, 250.350337, 211.121752, null]","[0.08580751865062708, -0.00465389301230934, 0.010758798103997158, 0.06570825470112718, 0.06880957410433075, -0.010303221248802785, 0.055284511907914835, 0.017892990878834114, 0.006527485027753466, -0.011340031189647659, 0.0, 0.008429749360294503, 0.0, 0.0, 0.0]","[0.9141924813493729, 1.0, 0.9892412018960028, 0.9342917452988728, 0.9311904258956692, 1.0, 0.9146428641423987, 0.9821070091211659, 0.935186992490068, 0.9685162733615456, 0.0, 0.9505482544050555, 0.0, 0.0, 0.0]","[1.0, 0.9953461069876907, 1.0, 1.0, 1.0, 0.9896967787511972, 0.9699273760503135, 1.0, 0.9417144775178214, 0.9571762421718979, 0.0, 0.95897800376535, 0.0, 0.0, 0.0]"
barman,gpt-5.4-2026-03-05,lama,1.0,1.0,0.0,0.014854,0.014491,116.0,0.000214,True,True,True,True,N/A,2026-05-12T10:43:22.592577,"[1.825887, 1.839312, 1.983356, 15.216505, 2.2262, 3.46028, 3.173495, 3.05885, 3.506984, 4.599494, 1.598911, 3.060755, 1.414087, 1.778003, 3.115445]","[0.027432009374782518, 0.022435513880548763, 0.026730599200283978, -0.009776590101376992, 0.01826670474630221, 0.011064930244988336, 0.005288618602622086, 0.012364690632278408, 0.014490659188153066, 0.000633615581898006, 0.029017589314291437, 0.019650539249955856, 0.02418026172301946, 0.011501944291704591, 0.0095347129473905]","[0.9672787512859217, 0.9743291918320027, 0.9644075039275306, 0.9939743695927781, 0.9705320759041935, 0.9724236484454246, 0.9810392814651425, 0.9795915848628137, 0.9779941281907419, 0.9859308553937584, 0.9585981308430143, 0.9682085101515465, 0.9664643782082454, 0.9672001423825415, 0.9783191510517795]","[0.9947107606607042, 0.9967647057125515, 0.9911381031278146, 0.9841977794914011, 0.9887987806504958, 0.983488578690413, 0.9863279000677646, 0.9919562754950921, 0.992484787378895, 0.9865644709756564, 0.9876157201573057, 0.9878590494015024, 0.9906446399312648, 0.9787020866742461, 0.98785386399917]"
barman,claude-opus-4-6,lama,1.0,1.0,0.0,0.010468,0.009496,110.0,0.001312,True,True,True,True,N/A,2026-05-12T10:43:22.613493,"[1.825887, 1.839312, 1.983356, 15.216505, 2.2262, 3.46028, 3.173495, 3.05885, 3.506984, 4.599494, 1.598911, 3.060755, 1.414087, 1.778003, 3.115445]","[0.024331240971910306, 0.009496018150468188, 0.016237985152332768, -0.00917064598730899, 0.00914968532902205, 0.0039452044995131885, 0.000538438498134175, 0.009021247999049797, 0.012181431135212195, -0.00407402691717107, 0.02411799473234344, 0.018034314527282325, 0.024280260511271523, 0.010447397898319721, 0.008479524406765582]","[0.9672787512859217, 0.9743291918320027, 0.9644075039275306, 0.9939743695927781, 0.9705320759041935, 0.9724236484454246, 0.9810392814651425, 0.9795915848628137, 0.9779941281907419, 0.9859308553937584, 0.9585981308430143, 0.9682085101515465, 0.9664643782082454, 0.9672001423825415, 0.9783191510517795]","[0.991609992257832, 0.9838252099824709, 0.9806454890798634, 0.9848037236054691, 0.9796817612332156, 0.9763688529449378, 0.9815777199632767, 0.9886128328618635, 0.9901755593259541, 0.9818568284765873, 0.9827161255753577, 0.9862428246788288, 0.9907446387195169, 0.9776475402808612, 0.986798675458545]"
snake,deepseek-reasoner,lama,0.133333,0.133333,0.0,0.005683,0.0,3.0,0.25,True,True,True,True,N/A,2026-05-12T10:43:22.632662,"[5.764667, 155.558424, null, null, null, null, null, null, null, null, null, null, null, null, null]","[0.08026584193516872, 0.00498207925186589, 0.0, 0.0, 0.0, 0.0, 0.0, 0.0, 0.0, 0.0, 0.0, 0.0, 0.0, 0.0, 0.0]","[0.9147428638502313, 0.969185452274972, 0.0, 0.0, 0.0, 0.0, 0.0, 0.0, 0.0, 0.0, 0.0, 0.0, 0.0, 0.0, 0.0]","[0.9950087057854, 0.9741675315268379, 0.0, 0.0, 0.0, 0.0, 0.0, 0.0, 0.0, 0.0, 0.0, 0.0, 0.0, 0.0, 0.0]"
ricochet-robots,gpt-5.4-2026-03-05,madagascar,0.0,0.0,0.0,0.0,0.0,N/A,1.0,False,False,True,False,"A(Stat), B(Prac)",2026-05-12T10:43:22.651378,"[null, null, null, null, null, null, null, null, null, null, null, null, null, null, null]","[0.0, 0.0, 0.0, 0.0, 0.0, 0.0, 0.0, 0.0, 0.0, 0.0, 0.0, 0.0, 0.0, 0.0, 0.0]","[0.0, 0.0, 0.0, 0.0, 0.0, 0.0, 0.0, 0.0, 0.0, 0.0, 0.0, 0.0, 0.0, 0.0, 0.0]","[0.0, 0.0, 0.0, 0.0, 0.0, 0.0, 0.0, 0.0, 0.0, 0.0, 0.0, 0.0, 0.0, 0.0, 0.0]"
snake,deepseek-reasoner,bfws,0.533333,0.466667,-0.066667,-0.085871,-0.009799,0.0,1.0,False,False,False,False,"A(Stat), B(Prac), C(Cov)",2026-05-12T10:43:22.671472,"[3.404625, 36.85394, 46.158731, 70.871636, 133.709304, 194.635307, 250.535657, 299.767597, null, null, null, null, null, null, null]","[-0.014669477513007845, -0.13660380815693252, -0.08021763193881448, -0.03459025850210029, -0.00979852489678723, -0.02054915686640013, -0.031276782581891815, -0.9603623444202007, 0.0, 0.0, 0.0, 0.0, 0.0, 0.0, 0.0]","[0.9912005904819194, 1.0, 0.960596773519536, 0.9256620844729959, 0.9178340192654137, 0.9501836943862867, 0.9633611911628679, 0.9603623444202007, 0.0, 0.0, 0.0, 0.0, 0.0, 0.0, 0.0]","[0.9765311129689116, 0.8633961918430675, 0.8803791415807215, 0.8910718259708956, 0.9080354943686265, 0.9296345375198866, 0.9320844085809761, 0.0, 0.0, 0.0, 0.0, 0.0, 0.0, 0.0, 0.0]"
snake,claude-opus-4-6,decstar,0.2,0.2,0.0,0.002422,0.0,6.0,0.125,True,True,True,True,N/A,2026-05-12T10:43:22.690646,"[3.848897, 95.23599, 148.534933, null, null, null, null, null, null, null, null, null, null, null, null]","[0.01642104959197932, 0.019267206237029155, 0.0006423725097784994, 0.0, 0.0, 0.0, 0.0, 0.0, 0.0, 0.0, 0.0, 0.0, 0.0, 0.0, 0.0]","[0.9015756775233511, 0.9364717048454266, 0.9595765863099995, 0.0, 0.0, 0.0, 0.0, 0.0, 0.0, 0.0, 0.0, 0.0, 0.0, 0.0, 0.0]","[0.9179967271153304, 0.9557389110824558, 0.960218958819778, 0.0, 0.0, 0.0, 0.0, 0.0, 0.0, 0.0, 0.0, 0.0, 0.0, 0.0, 0.0]"
ricochet-robots,gemini-3.1-pro-preview-customtools,lama,0.4,0.4,0.0,0.001665,0.0,19.0,0.046875,True,True,True,True,N/A,2026-05-12T10:43:22.710690,"[190.243118, 265.928599, 104.522905, null, 86.956337, 348.67077, null, null, null, 65.677365, 337.273563, null, null, null, null]","[0.006855926106864141, -0.0008894232079309505, 0.008027337373652133, 0.0, 0.006590349560000375, 0.0, 0.0, 0.0, 0.0, 0.004079272838462544, 0.00030680322909881763, 0.0, 0.0, 0.0, 0.0]","[0.9840199480938094, 0.983015108182803, 0.9778613871820621, 0.0, 0.9810664655044171, 0.0, 0.0, 0.0, 0.0, 0.9771620789222595, 0.9826985123776253, 0.0, 0.0, 0.0, 0.0]","[0.9908758742006736, 0.9821256849748721, 0.9858887245557142, 0.0, 0.9876568150644175, 0.0, 0.0, 0.0, 0.0, 0.981241351760722, 0.9830053156067241, 0.0, 0.0, 0.0, 0.0]"
depots,gemini-3.1-pro-preview-customtools,bfws,1.0,1.0,0.0,0.050373,0.059405,120.0,3.1e-05,True,True,True,True,N/A,2026-05-12T10:43:22.730572,"[0.458266, 0.478988, 0.652313, 0.532521, 0.511773, 0.633205, 0.863877, 0.913572, 1.620634, 0.592274, 1.017127, 0.668989, 1.121095, 1.885236, 1.620167]","[0.060239943270464, 0.08228381154086462, 0.052035045644133526, 0.08855041594466817, 0.06053364207437406, 0.05182115443223523, 0.006090215695953138, 0.04484456486432864, 0.023075523616021054, 0.07400660980663853, 0.06071956432292469, 0.06415405223179393, 0.05940461937940844, 0.023325992766409676, 0.004502969836450044]","[0.9093229190951773, 0.9011987813661075, 0.9135630868811788, 0.8970960435569626, 0.8918539992591069, 0.9123760233627001, 0.41005701017196006, 0.9318393215151013, 0.9387057191794846, 0.9050701831546265, 0.9141064040673306, 0.9140124604711871, 0.9132152997611571, 0.9152963580427652, 0.5641818102609699]","[0.9695628623656413, 0.9834825929069722, 0.9655981325253123, 0.9856464595016308, 0.952387641333481, 0.9641971777949353, 0.4161472258679132, 0.9766838863794299, 0.9617812427955057, 0.979076792961265, 0.9748259683902553, 0.978166512702981, 0.9726199191405656, 0.9386223508091749, 0.56868478009742]"
ricochet-robots,deepseek-reasoner,bfws,0.733333,0.733333,0.0,-0.008376,-0.016031,40.0,0.657593,False,False,True,False,"A(Stat), B(Prac)",2026-05-12T10:43:22.751040,"[110.747201, 214.030221, 10.776984, 288.375605, 129.462234, 30.037134, 27.715418, 332.917744, 118.440422, 254.998558, null, 296.251477, 250.350337, 211.121752, null]","[-0.0585991111116797, -0.06688043263306986, -0.01603108726566005, -0.9342917452988728, -0.02316948119650908, -0.11544990554975976, -0.019953652456993987, -0.9821070091211659, 0.023344970827713918, 0.031483726638454446, 0.0, 0.036008017633103795, 1.0, 1.0, 0.0]","[0.9141924813493729, 1.0, 0.9892412018960028, 0.9342917452988728, 0.9311904258956692, 1.0, 0.9146428641423987, 0.9821070091211659, 0.935186992490068, 0.9685162733615456, 0.0, 0.9505482544050555, 0.0, 0.0, 0.0]","[0.8555933702376932, 0.9331195673669301, 0.9732101146303428, 0.0, 0.9080209446991602, 0.8845500944502402, 0.8946892116854047, 0.0, 0.9585319633177819, 1.0, 0.0, 0.9865562720381593, 1.0, 1.0, 0.0]"
visitall,deepseek-reasoner,madagascar,0.0,0.0,0.0,0.0,0.0,N/A,1.0,False,False,True,False,"A(Stat), B(Prac)",2026-05-12T10:43:22.769738,"[null, null, null, null, null, null, null, null, null, null, null, null, null, null, null]","[0.0, 0.0, 0.0, 0.0, 0.0, 0.0, 0.0, 0.0, 0.0, 0.0, 0.0, 0.0, 0.0, 0.0, 0.0]","[0.0, 0.0, 0.0, 0.0, 0.0, 0.0, 0.0, 0.0, 0.0, 0.0, 0.0, 0.0, 0.0, 0.0, 0.0]","[0.0, 0.0, 0.0, 0.0, 0.0, 0.0, 0.0, 0.0, 0.0, 0.0, 0.0, 0.0, 0.0, 0.0, 0.0]"
depots,gemini-3.1-pro-preview-customtools,lama,1.0,1.0,0.0,0.018296,0.021449,105.0,0.004181,True,True,True,True,N/A,2026-05-12T10:43:22.789623,"[0.593492, 0.603006, 0.71934, 0.764925, 0.667625, 1.106661, 3.042451, 2.406425, 6.17613, 0.820642, 1.04094, 0.848448, 1.173654, 5.299764, 2.226147]","[0.03342738469492146, 0.04870741873906881, 0.027239213546344065, 0.02399686156007641, 0.04986945336671966, 0.05440885964255204, 0.0016730795872204052, -0.014085670603777634, -0.018314570879693237, 0.029017451568629116, 0.021449408776018086, 0.020041679263268164, 0.004167599731128235, -0.01846802492228139, 0.011317192774759066]","[0.9255830214919459, 0.9067377509966608, 0.9291484071951356, 0.9408003461997061, 0.9064884757220669, 0.9177655857783786, 0.9668663768781527, 0.9800469118131504, 0.9906235337474795, 0.9397711216790743, 0.9435272558315277, 0.9270553948000517, 0.947635139476055, 0.9845247321180475, 0.9838199006220392]","[0.9590104061868674, 0.9554451697357296, 0.9563876207414796, 0.9647972077597825, 0.9563579290887866, 0.9721744454209307, 0.9685394564653731, 0.9659612412093728, 0.9723089628677862, 0.9687885732477034, 0.9649766646075458, 0.9470970740633199, 0.9518027392071833, 0.9660567071957661, 0.9951370933967982]"
ricochet-robots,deepseek-reasoner,lama,0.4,0.4,0.0,0.003717,0.0,21.0,0.015625,True,True,True,True,N/A,2026-05-12T10:43:22.809727,"[190.243118, 265.928599, 104.522905, null, 86.956337, 348.67077, null, null, null, 65.677365, 337.273563, null, null, null, null]","[0.01205208159439164, 0.00528093632115878, 0.007677165439138323, 0.0, 0.0027421912887661826, 0.0, 0.0, 0.0, 0.0, 0.01704570428533747, 0.010960363350914992, 0.0, 0.0, 0.0, 0.0]","[0.9840199480938094, 0.983015108182803, 0.9778613871820621, 0.0, 0.9810664655044171, 0.0, 0.0, 0.0, 0.0, 0.9771620789222595, 0.9826985123776253, 0.0, 0.0, 0.0, 0.0]","[0.9960720296882011, 0.9882960445039618, 0.9855385526212004, 0.0, 0.9838086567931833, 0.0, 0.0, 0.0, 0.0, 0.994207783207597, 0.9936588757285403, 0.0, 0.0, 0.0, 0.0]"
ricochet-robots,gpt-5.4-2026-03-05,decstar,0.333333,0.333333,0.0,-0.009808,0.0,0.0,1.0,False,False,True,False,"A(Stat), B(Prac)",2026-05-12T10:43:22.829059,"[null, 223.743111, 7.099235, null, 64.421141, null, 16.047248, null, null, 20.792342, null, null, null, null, null]","[0.0, -0.026049619092162413, -0.01883695273152841, 0.0, -0.03907880257316565, 0.0, -0.0333663800670545, 0.0, 0.0, -0.02978350411007613, 0.0, 0.0, 0.0, 0.0, 0.0]","[0.0, 0.9945272992865167, 0.9856496414583682, 0.0, 0.9979013287519485, 0.0, 1.0, 0.0, 0.0, 0.9993084721887303, 0.0, 0.0, 0.0, 0.0, 0.0]","[0.0, 0.9684776801943543, 0.9668126887268398, 0.0, 0.9588225261787828, 0.0, 0.9666336199329455, 0.0, 0.0, 0.9695249680786542, 0.0, 0.0, 0.0, 0.0, 0.0]"
barman,gemini-3.1-pro-preview-customtools,bfws,1.0,1.0,0.0,0.039754,0.018628,120.0,3.1e-05,True,True,True,True,N/A,2026-05-12T10:43:22.849381,"[38.825574, 50.260899, 46.732993, 31.593948, 52.032441, 73.344021, 22.828888, 53.503028, 47.653656, 130.788162, 7.739418, 48.328135, 20.325942, 34.037335, 57.866367]","[0.018627686912898733, 0.01528086374493376, 0.042762945919018525, 0.02056100113471704, 0.015289400584682533, 0.01942605564028177, 0.020172296567048997, 0.0017934397752795705, 0.010729094867802491, 0.004014114084338272, 0.36298872373417135, 0.02314197285762798, 0.0032595668253281307, 0.008517005823522217, 0.029752949884180424]","[0.9691618060944284, 0.9649502877912061, 0.9282344820339054, 0.9647830287436272, 0.9562415216343427, 0.9713209057910865, 0.9672159505067038, 0.9714074930775227, 0.9753493496261159, 0.9831615980866517, 0.6370112762658287, 0.9668204210046423, 0.9826992012077999, 0.9130085802218962, 0.9685512815506824]","[0.9877894930073271, 0.9802311515361398, 0.9709974279529239, 0.9853440298783442, 0.9715309222190253, 0.9907469614313683, 0.9873882470737528, 0.9732009328528023, 0.9860784444939183, 0.98717571217099, 1.0, 0.9899623938622703, 0.985958768033128, 0.9215255860454185, 0.9983042314348628]"
depots,deepseek-reasoner,bfws,1.0,1.0,0.0,0.074312,0.085718,120.0,3.1e-05,True,True,True,True,N/A,2026-05-12T10:43:22.870214,"[0.458266, 0.478988, 0.652313, 0.532521, 0.511773, 0.633205, 0.863877, 0.913572, 1.620634, 0.592274, 1.017127, 0.668989, 1.121095, 1.885236, 1.620167]","[0.09067708090482274, 0.0880532371201953, 0.08643691311882118, 0.09885124723895622, 0.10814600074089309, 0.08571824953670681, 0.011341624540088358, 0.0681606784848987, 0.05901191244002624, 0.07170848854660428, 0.08293772031724833, 0.08598753952881288, 0.0862429943213715, 0.07054445817191723, 0.020855630076937692]","[0.9093229190951773, 0.9011987813661075, 0.9135630868811788, 0.8970960435569626, 0.8918539992591069, 0.9123760233627001, 0.41005701017196006, 0.9318393215151013, 0.9387057191794846, 0.9050701831546265, 0.9141064040673306, 0.9140124604711871, 0.9132152997611571, 0.9152963580427652, 0.5641818102609699]","[1.0, 0.9892520184863028, 1.0, 0.9959472907959188, 1.0, 0.9980942728994069, 0.4213986347120484, 1.0, 0.9977176316195109, 0.9767786717012308, 0.9970441243845789, 1.0, 0.9994582940825286, 0.9858408162146824, 0.5850374403379076]"
barman,deepseek-reasoner,bfws,1.0,1.0,0.0,0.012527,0.01197,117.0,0.000153,True,True,True,True,N/A,2026-05-12T10:43:22.890574,"[38.825574, 50.260899, 46.732993, 31.593948, 52.032441, 73.344021, 22.828888, 53.503028, 47.653656, 130.788162, 7.739418, 48.328135, 20.325942, 34.037335, 57.866367]","[0.014202490442006943, -0.0009896794529635766, 0.008337311545372206, 0.01372092703408434, 0.01125904615238571, 0.011921930769694722, 0.016396942527829084, -0.0004855356648794107, 0.011000136635823998, 0.012151038456647889, 0.006229402616206525, 0.01196985218611002, 0.015368779929467946, 0.043924528689525344, 0.0128937385941843]","[0.9691618060944284, 0.9649502877912061, 0.9282344820339054, 0.9647830287436272, 0.9562415216343427, 0.9713209057910865, 0.9672159505067038, 0.9714074930775227, 0.9753493496261159, 0.9831615980866517, 0.6370112762658287, 0.9668204210046423, 0.9826992012077999, 0.9130085802218962, 0.9685512815506824]","[0.9833642965364353, 0.9639606083382425, 0.9365717935792776, 0.9785039557777115, 0.9675005677867284, 0.9832428365607813, 0.9836128930345329, 0.9709219574126433, 0.9863494862619399, 0.9953126365432996, 0.6432406788820352, 0.9787902731907523, 0.9980679811372678, 0.9569331089114216, 0.9814450201448667]"
ricochet-robots,claude-opus-4-6,madagascar,0.0,0.0,0.0,0.0,0.0,N/A,1.0,False,False,True,False,"A(Stat), B(Prac)",2026-05-12T10:43:22.909378,"[null, null, null, null, null, null, null, null, null, null, null, null, null, null, null]","[0.0, 0.0, 0.0, 0.0, 0.0, 0.0, 0.0, 0.0, 0.0, 0.0, 0.0, 0.0, 0.0, 0.0, 0.0]","[0.0, 0.0, 0.0, 0.0, 0.0, 0.0, 0.0, 0.0, 0.0, 0.0, 0.0, 0.0, 0.0, 0.0, 0.0]","[0.0, 0.0, 0.0, 0.0, 0.0, 0.0, 0.0, 0.0, 0.0, 0.0, 0.0, 0.0, 0.0, 0.0, 0.0]"
ricochet-robots,claude-opus-4-6,decstar,0.333333,0.333333,0.0,0.000602,0.0,8.0,0.5,False,True,True,False,A(Stat),2026-05-12T10:43:22.929033,"[null, 223.743111, 7.099235, null, 64.421141, null, 16.047248, null, null, 20.792342, null, null, null, null, null]","[0.0, -0.0028075717618478713, 0.012011295059152993, 0.0, 0.0007636822955634504, 0.0, -0.001628451468222325, 0.0, 0.0, 0.0006915278112696877, 0.0, 0.0, 0.0, 0.0, 0.0]","[0.0, 0.9945272992865167, 0.9856496414583682, 0.0, 0.9979013287519485, 0.0, 1.0, 0.0, 0.0, 0.9993084721887303, 0.0, 0.0, 0.0, 0.0, 0.0]","[0.0, 0.9917197275246689, 0.9976609365175212, 0.0, 0.9986650110475119, 0.0, 0.9983715485317777, 0.0, 0.0, 1.0, 0.0, 0.0, 0.0, 0.0, 0.0]"
depots,deepseek-reasoner,lama,1.0,1.0,0.0,0.053974,0.0592,120.0,3.1e-05,True,True,True,True,N/A,2026-05-12T10:43:22.949521,"[0.593492, 0.603006, 0.71934, 0.764925, 0.667625, 1.106661, 3.042451, 2.406425, 6.17613, 0.820642, 1.04094, 0.848448, 1.173654, 5.299764, 2.226147]","[0.07441697850805407, 0.09326224900333924, 0.07085159280486442, 0.059199653800293905, 0.09351152427793308, 0.08223441422162137, 0.03313362312184731, 0.0199530881868496, 0.009376466252520532, 0.060228878320925716, 0.056472744168472255, 0.07294460519994828, 0.052364860523944956, 0.015475267881952526, 0.016180099377960833]","[0.9255830214919459, 0.9067377509966608, 0.9291484071951356, 0.9408003461997061, 0.9064884757220669, 0.9177655857783786, 0.9668663768781527, 0.9800469118131504, 0.9906235337474795, 0.9397711216790743, 0.9435272558315277, 0.9270553948000517, 0.947635139476055, 0.9845247321180475, 0.9838199006220392]","[1.0, 1.0, 1.0, 1.0, 1.0, 1.0, 1.0, 1.0, 1.0, 1.0, 1.0, 1.0, 1.0, 1.0, 1.0]"
barman,deepseek-reasoner,lama,1.0,1.0,0.0,0.026247,0.027576,120.0,3.1e-05,True,True,True,True,N/A,2026-05-12T10:43:22.970306,"[1.825887, 1.839312, 1.983356, 15.216505, 2.2262, 3.46028, 3.173495, 3.05885, 3.506984, 4.599494, 1.598911, 3.060755, 1.414087, 1.778003, 3.115445]","[0.03272124871407833, 0.025670808167997272, 0.03559249607246939, 0.006025630407221927, 0.029467924095806453, 0.027576351554575385, 0.01896071853485748, 0.020408415137186275, 0.02200587180925806, 0.014069144606241646, 0.04140186915698574, 0.03179148984845348, 0.03353562179175462, 0.03279985761745852, 0.021680848948220532]","[0.9672787512859217, 0.9743291918320027, 0.9644075039275306, 0.9939743695927781, 0.9705320759041935, 0.9724236484454246, 0.9810392814651425, 0.9795915848628137, 0.9779941281907419, 0.9859308553937584, 0.9585981308430143, 0.9682085101515465, 0.9664643782082454, 0.9672001423825415, 0.9783191510517795]","[1.0, 1.0, 1.0, 1.0, 1.0, 1.0, 1.0, 1.0, 1.0, 1.0, 1.0, 1.0, 1.0, 1.0, 1.0]"
depots,gpt-5.4-2026-03-05,decstar,0.933333,0.933333,0.0,0.023058,0.021234,102.0,0.000305,True,True,True,True,N/A,2026-05-12T10:43:22.990466,"[0.725008, 0.841162, 1.005255, 1.63873, 1.067888, 1.534242, 52.73716, 2.319902, null, 1.358909, 1.810557, 1.486653, 1.778519, 2.065744, 2.274474]","[0.041329570550981964, 0.05073211379416276, 0.0413933392248671, 0.01122510397612042, 0.010028482156876017, 0.016129207717420768, -0.0021768500878115438, -0.002871591279771213, 0.0, 0.03513508053847847, 0.01331528065663834, 0.05697707394022289, 0.02404221844399157, 0.029381918279645647, 0.02123360197492896]","[0.9308067079862672, 0.9359979378799538, 0.9529974323014861, 0.9623815899689049, 0.9587376637493908, 0.9639878520974193, 0.9975056392521732, 0.9818465488554594, 0.0, 0.9487020968720871, 0.9614849250454199, 0.9430229260597771, 0.9759577815560084, 0.9706180817203544, 0.9691312175052175]","[0.9721362785372492, 0.9867300516741165, 0.9943907715263532, 0.9736066939450253, 0.9687661459062669, 0.9801170598148401, 0.9953287891643616, 0.9789749575756882, 0.0, 0.9838371774105655, 0.9748002057020583, 1.0, 1.0, 1.0, 0.9903648194801464]"
depots,claude-opus-4-6,decstar,0.933333,0.933333,0.0,0.031951,0.036012,103.0,0.000183,True,True,True,True,N/A,2026-05-12T10:43:23.011558,"[0.725008, 0.841162, 1.005255, 1.63873, 1.067888, 1.534242, 52.73716, 2.319902, null, 1.358909, 1.810557, 1.486653, 1.778519, 2.065744, 2.274474]","[0.06919329201373281, 0.06400206212004622, 0.04700256769851385, 0.03761841003109512, 0.041262336250609155, 0.03601214790258067, 0.0024943607478268293, 0.01815345114454059, 0.0, 0.036865077152439696, 0.03596921762641658, 0.05607061558998405, -0.012265683864834398, 0.01601549623312104, 0.030868782494782532]","[0.9308067079862672, 0.9359979378799538, 0.9529974323014861, 0.9623815899689049, 0.9587376637493908, 0.9639878520974193, 0.9975056392521732, 0.9818465488554594, 0.0, 0.9487020968720871, 0.9614849250454199, 0.9430229260597771, 0.9759577815560084, 0.9706180817203544, 0.9691312175052175]","[1.0, 1.0, 1.0, 1.0, 1.0, 1.0, 1.0, 1.0, 0.0, 0.9855671740245268, 0.9974541426718365, 0.9990935416497612, 0.963692097691174, 0.9866335779534754, 1.0]"
snake,gemini-3.1-pro-preview-customtools,decstar,0.2,0.2,0.0,0.013316,0.0,6.0,0.125,True,True,True,True,N/A,2026-05-12T10:43:23.031195,"[3.848897, 95.23599, 148.534933, null, null, null, null, null, null, null, null, null, null, null, null]","[0.0984243224766489, 0.060887415068370365, 0.040423413690000465, 0.0, 0.0, 0.0, 0.0, 0.0, 0.0, 0.0, 0.0, 0.0, 0.0, 0.0, 0.0]","[0.9015756775233511, 0.9364717048454266, 0.9595765863099995, 0.0, 0.0, 0.0, 0.0, 0.0, 0.0, 0.0, 0.0, 0.0, 0.0, 0.0, 0.0]","[1.0, 0.997359119913797, 1.0, 0.0, 0.0, 0.0, 0.0, 0.0, 0.0, 0.0, 0.0, 0.0, 0.0, 0.0, 0.0]"
depots,gpt-5.4-2026-03-05,madagascar,1.0,1.0,0.0,0.053892,0.054886,119.0,6.1e-05,True,True,True,True,N/A,2026-05-12T10:43:23.054380,"[0.331734, 0.332332, 0.337427, 0.359763, 0.349817, 0.395831, 0.554161, 0.432853, 0.768249, 0.38352, 0.480167, 0.38624, 0.531765, 0.906495, 0.459224]","[0.05599248317962313, 0.04740709924545261, 0.02701005575568416, 0.08071301501612216, 0.04378565752647301, 0.08194670402361015, -0.003211255594239848, 0.06469885840510459, 0.02635660595881839, 0.06518817545510602, 0.05488578246232245, 0.09752665401301708, 0.05096223872334937, 0.035460781667465247, 0.07966057164454343]","[0.9118325098834864, 0.911498077929703, 0.9124266929119481, 0.9111481886190275, 0.9137404562441805, 0.9180532959763898, 0.9151948707806259, 0.8892344439609647, 0.9641727012014502, 0.910795315673252, 0.9248924965073071, 0.8606256846918302, 0.9291986261215562, 0.936611836554074, 0.881154305741653]","[0.9678249930631095, 0.9589051771751557, 0.9394367486676323, 0.9918612036351496, 0.9575261137706536, 1.0, 0.911983615186386, 0.9539333023660693, 0.9905293071602685, 0.975983491128358, 0.9797782789696295, 0.9581523387048473, 0.9801608648449056, 0.9720726182215392, 0.9608148773861964]"
depots,claude-opus-4-6,madagascar,1.0,1.0,0.0,0.044701,0.045803,113.0,0.00058,True,True,True,True,N/A,2026-05-12T10:43:23.075310,"[0.331734, 0.332332, 0.337427, 0.359763, 0.349817, 0.395831, 0.554161, 0.432853, 0.768249, 0.38352, 0.480167, 0.38624, 0.531765, 0.906495, 0.459224]","[0.05339972660807624, 0.044432522051489176, 0.044755143334364145, 0.06541849187830018, 0.04093701526057414, 0.05157656760237195, -0.0073388138679809645, 0.0458034235524466, -0.04462909266991966, 0.07006480118807734, 0.06227554277748382, 0.11280541893593965, 0.06256145189700557, 0.030671323506256787, 0.037775639221671486]","[0.9118325098834864, 0.911498077929703, 0.9124266929119481, 0.9111481886190275, 0.9137404562441805, 0.9180532959763898, 0.9151948707806259, 0.8892344439609647, 0.9641727012014502, 0.910795315673252, 0.9248924965073071, 0.8606256846918302, 0.9291986261215562, 0.936611836554074, 0.881154305741653]","[0.9652322364915626, 0.9559305999811922, 0.9571818362463123, 0.9765666804973276, 0.9546774715047547, 0.9696298635787618, 0.9078560569126449, 0.9350378675134113, 0.9195436085315305, 0.9808601168613293, 0.9871680392847909, 0.9734311036277699, 0.9917600780185618, 0.9672831600603308, 0.9189299449633245]"
barman,gpt-5.4-2026-03-05,madagascar,0.266667,0.2,-0.066667,-0.080451,0.0,5.0,0.890625,False,False,False,False,"A(Stat), B(Prac), C(Cov)",2026-05-12T10:43:23.095778,"[56.226553, null, null, 23.554715, null, null, 24.757185, 76.536059, null, null, 291.314403, 29.320626, 80.408323, 142.277232, null]","[0.0, 0.0, 0.0, -0.006586714313012609, 0.0, 0.0, -1.0, 0.842402684160439, 0.0, 0.0, 0.0, 0.9574163059856035, -1.0, -1.0, 0.0]","[0.0, 0.0, 0.0, 0.6709671171021, 0.0, 0.0, 1.0, 0.0, 0.0, 0.0, 0.0, 0.0, 1.0, 1.0, 0.0]","[0.0, 0.0, 0.0, 0.6643804027890874, 0.0, 0.0, 0.0, 0.842402684160439, 0.0, 0.0, 0.0, 0.9574163059856035, 0.0, 0.0, 0.0]"
barman,gpt-5.4-2026-03-05,decstar,0.266667,0.266667,0.0,0.001275,0.0,7.0,0.3125,False,True,True,False,A(Stat),2026-05-12T10:43:23.115602,"[null, null, 114.714258, 204.866209, null, null, null, null, null, null, 77.820812, null, 2.557545, null, null]","[0.0, 0.0, 0.0015545002205293867, -0.00029246945474314945, 0.0, 0.0, 0.0, 0.0, 0.0, 0.0, -0.0002761862441161833, 0.0, 0.018141598599660136, 0.0, 0.0]","[0.0, 0.0, 0.9972433205343085, 0.9999799636332242, 0.0, 0.0, 0.0, 0.0, 0.0, 0.0, 0.9992273327086799, 0.0, 0.9818584014003399, 0.0, 0.0]","[0.0, 0.0, 0.9987978207548379, 0.999687494178481, 0.0, 0.0, 0.0, 0.0, 0.0, 0.0, 0.9989511464645637, 0.0, 1.0, 0.0, 0.0]"
barman,claude-opus-4-6,madagascar,0.266667,0.2,-0.066667,-0.074724,0.0,7.5,0.78125,False,False,False,False,"A(Stat), B(Prac), C(Cov)",2026-05-12T10:43:23.135069,"[56.226553, null, null, 23.554715, null, null, 24.757185, 76.536059, null, null, 291.314403, 29.320626, 80.408323, 142.277232, null]","[0.0, 0.0, 0.0, 0.008675755631428084, 0.0, 0.0, -1.0, 0.8704671005182351, 0.0, 0.0, 0.0, 1.0, -1.0, -1.0, 0.0]","[0.0, 0.0, 0.0, 0.6709671171021, 0.0, 0.0, 1.0, 0.0, 0.0, 0.0, 0.0, 0.0, 1.0, 1.0, 0.0]","[0.0, 0.0, 0.0, 0.6796428727335281, 0.0, 0.0, 0.0, 0.8704671005182351, 0.0, 0.0, 0.0, 1.0, 0.0, 0.0, 0.0]"
barman,claude-opus-4-6,decstar,0.266667,0.266667,0.0,0.000255,0.0,8.0,0.1875,True,True,True,True,N/A,2026-05-12T10:43:23.154798,"[null, null, 114.714258, 204.866209, null, null, null, null, null, null, 77.820812, null, 2.557545, null, null]","[0.0, 0.0, 0.0027566794656914695, 2.003636677583298e-05, 0.0, 0.0, 0.0, 0.0, 0.0, 0.0, -0.0019008072083340766, 0.0, 0.0029468944853244805, 0.0, 0.0]","[0.0, 0.0, 0.9972433205343085, 0.9999799636332242, 0.0, 0.0, 0.0, 0.0, 0.0, 0.0, 0.9992273327086799, 0.0, 0.9818584014003399, 0.0, 0.0]","[0.0, 0.0, 1.0, 1.0, 0.0, 0.0, 0.0, 0.0, 0.0, 0.0, 0.9973265255003458, 0.0, 0.9848052958856643, 0.0, 0.0]"
snake,gemini-3.1-pro-preview-customtools,madagascar,0.4,0.4,0.0,0.021595,0.0,21.0,0.148438,True,True,True,True,N/A,2026-05-12T10:43:23.174866,"[4.016503, 5.199251, 6.716634, null, 13.67793, 112.382252, 41.580073, 38.61242, 242.022148, null, null, 264.586642, null, null, null]","[0.004227550031200233, 0.40508628311999906, 0.0034839761000051706, 0.0, 0.1108374364460587, 0.6951154808320149, 0.0, 0.010148552458949855, -0.9049670350435342, 0.0, 0.0, 0.0, 0.0, 0.0, 0.0]","[0.903020334935343, 0.4969155392296325, 0.5291872081871992, 0.0, 0.8891625635539413, 0.0, 0.0, 0.8831792672530613, 0.9049670350435342, 0.0, 0.0, 0.0, 0.0, 0.0, 0.0]","[0.9072478849665432, 0.9020018223496316, 0.5326711842872044, 0.0, 1.0, 0.6951154808320149, 0.0, 0.8933278197120111, 0.0, 0.0, 0.0, 0.0, 0.0, 0.0, 0.0]"
snake,deepseek-reasoner,decstar,0.2,0.2,0.0,0.012581,0.0,6.0,0.125,True,True,True,True,N/A,2026-05-12T10:43:23.194944,"[3.848897, 95.23599, 148.534933, null, null, null, null, null, null, null, null, null, null, null, null]","[0.08500540197873263, 0.06352829515457337, 0.040178430323357106, 0.0, 0.0, 0.0, 0.0, 0.0, 0.0, 0.0, 0.0, 0.0, 0.0, 0.0, 0.0]","[0.9015756775233511, 0.9364717048454266, 0.9595765863099995, 0.0, 0.0, 0.0, 0.0, 0.0, 0.0, 0.0, 0.0, 0.0, 0.0, 0.0, 0.0]","[0.9865810795020837, 1.0, 0.9997550166333566, 0.0, 0.0, 0.0, 0.0, 0.0, 0.0, 0.0, 0.0, 0.0, 0.0, 0.0, 0.0]"
ricochet-robots,gemini-3.1-pro-preview-customtools,madagascar,0.0,0.0,0.0,0.0,0.0,N/A,1.0,False,False,True,False,"A(Stat), B(Prac)",2026-05-12T10:43:23.213648,"[null, null, null, null, null, null, null, null, null, null, null, null, null, null, null]","[0.0, 0.0, 0.0, 0.0, 0.0, 0.0, 0.0, 0.0, 0.0, 0.0, 0.0, 0.0, 0.0, 0.0, 0.0]","[0.0, 0.0, 0.0, 0.0, 0.0, 0.0, 0.0, 0.0, 0.0, 0.0, 0.0, 0.0, 0.0, 0.0, 0.0]","[0.0, 0.0, 0.0, 0.0, 0.0, 0.0, 0.0, 0.0, 0.0, 0.0, 0.0, 0.0, 0.0, 0.0, 0.0]"
ricochet-robots,gemini-3.1-pro-preview-customtools,decstar,0.333333,0.333333,0.0,0.001035,0.0,10.0,0.3125,False,True,True,False,A(Stat),2026-05-12T10:43:23.232945,"[null, 223.743111, 7.099235, null, 64.421141, null, 16.047248, null, null, 20.792342, null, null, null, null, null]","[0.0, 0.00412924939653192, 0.014350358541631802, 0.0, 0.00209867124805152, 0.0, -0.0042992604466516315, 0.0, 0.0, -0.0007504481718609846, 0.0, 0.0, 0.0, 0.0, 0.0]","[0.0, 0.9945272992865167, 0.9856496414583682, 0.0, 0.9979013287519485, 0.0, 1.0, 0.0, 0.0, 0.9993084721887303, 0.0, 0.0, 0.0, 0.0, 0.0]","[0.0, 0.9986565486830487, 1.0, 0.0, 1.0, 0.0, 0.9957007395533484, 0.0, 0.0, 0.9985580240168693, 0.0, 0.0, 0.0, 0.0, 0.0]"
snake,deepseek-reasoner,madagascar,0.4,0.333333,-0.066667,-0.049637,0.0,9.0,0.65625,False,False,False,False,"A(Stat), B(Prac), C(Cov)",2026-05-12T10:43:23.253060,"[4.016503, 5.199251, 6.716634, null, 13.67793, 112.382252, 41.580073, 38.61242, 242.022148, null, null, 264.586642, null, null, null]","[0.0896395849184013, 0.3024995894170486, -0.07705814051201271, 0.0, 0.03314168119638117, 0.0, 0.0, -0.18780707338359925, -0.9049670350435342, 0.0, 0.0, 0.0, 0.0, 0.0, 0.0]","[0.903020334935343, 0.4969155392296325, 0.5291872081871992, 0.0, 0.8891625635539413, 0.0, 0.0, 0.8831792672530613, 0.9049670350435342, 0.0, 0.0, 0.0, 0.0, 0.0, 0.0]","[0.9926599198537442, 0.7994151286466811, 0.4521290676751865, 0.0, 0.9223042447503225, 0.0, 0.0, 0.695372193869462, 0.0, 0.0, 0.0, 0.0, 0.0, 0.0, 0.0]"
ricochet-robots,deepseek-reasoner,decstar,0.333333,0.333333,0.0,-0.000207,0.0,7.0,0.59375,False,False,True,False,"A(Stat), B(Prac)",2026-05-12T10:43:23.272967,"[null, 223.743111, 7.099235, null, 64.421141, null, 16.047248, null, null, 20.792342, null, null, null, null, null]","[0.0, 0.0054727007134832695, 0.0039625576349145986, 0.0, -0.004644399884542683, 0.0, -0.004120349905985199, 0.0, 0.0, -0.0037759250516784526, 0.0, 0.0, 0.0, 0.0, 0.0]","[0.0, 0.9945272992865167, 0.9856496414583682, 0.0, 0.9979013287519485, 0.0, 1.0, 0.0, 0.0, 0.9993084721887303, 0.0, 0.0, 0.0, 0.0, 0.0]","[0.0, 1.0, 0.9896121990932828, 0.0, 0.9932569288674058, 0.0, 0.9958796500940148, 0.0, 0.0, 0.9955325471370519, 0.0, 0.0, 0.0, 0.0, 0.0]"
depots,gemini-3.1-pro-preview-customtools,madagascar,1.0,1.0,0.0,0.068064,0.072989,120.0,3.1e-05,True,True,True,True,N/A,2026-05-12T10:43:23.293167,"[0.331734, 0.332332, 0.337427, 0.359763, 0.349817, 0.395831, 0.554161, 0.432853, 0.768249, 0.38352, 0.480167, 0.38624, 0.531765, 0.906495, 0.459224]","[0.06377309983812152, 0.07298937798626104, 0.0572564197487434, 0.07287321019412518, 0.07400312155284117, 0.07547148326673625, 0.011476271707575592, 0.0767358161538888, 0.035827298798549845, 0.08307531835746873, 0.0751075034926929, 0.12298045249671463, 0.06594342157062483, 0.044728589541809916, 0.08872537871724662]","[0.9118325098834864, 0.911498077929703, 0.9124266929119481, 0.9111481886190275, 0.9137404562441805, 0.9180532959763898, 0.9151948707806259, 0.8892344439609647, 0.9641727012014502, 0.910795315673252, 0.9248924965073071, 0.8606256846918302, 0.9291986261215562, 0.936611836554074, 0.881154305741653]","[0.9756056097216079, 0.9844874559159641, 0.9696831126606915, 0.9840213988131526, 0.9877435777970217, 0.9935247792431261, 0.9266711424882015, 0.9659702601148535, 1.0, 0.9938706340307207, 1.0, 0.9836061371885448, 0.9951420476921811, 0.9813404260958839, 0.9698796844588996]"
ricochet-robots,deepseek-reasoner,madagascar,0.0,0.0,0.0,0.0,0.0,N/A,1.0,False,False,True,False,"A(Stat), B(Prac)",2026-05-12T10:43:23.311788,"[null, null, null, null, null, null, null, null, null, null, null, null, null, null, null]","[0.0, 0.0, 0.0, 0.0, 0.0, 0.0, 0.0, 0.0, 0.0, 0.0, 0.0, 0.0, 0.0, 0.0, 0.0]","[0.0, 0.0, 0.0, 0.0, 0.0, 0.0, 0.0, 0.0, 0.0, 0.0, 0.0, 0.0, 0.0, 0.0, 0.0]","[0.0, 0.0, 0.0, 0.0, 0.0, 0.0, 0.0, 0.0, 0.0, 0.0, 0.0, 0.0, 0.0, 0.0, 0.0]"
depots,deepseek-reasoner,decstar,0.933333,0.933333,0.0,0.025988,0.029515,105.0,6.1e-05,True,True,True,True,N/A,2026-05-12T10:43:23.331988,"[0.725008, 0.841162, 1.005255, 1.63873, 1.067888, 1.534242, 52.73716, 2.319902, null, 1.358909, 1.810557, 1.486653, 1.778519, 2.065744, 2.274474]","[0.04755665085535954, 0.04441258113152169, 0.030253780957230858, 0.005176752880107771, 0.02521760763355929, 0.02951514908076458, 0.0009901322891666675, 0.0009038957175655504, 0.0, 0.051297903127912936, 0.038515074954580064, 0.042966013061411235, 0.020684374434699282, 0.021779415285570147, 0.030549554522165123]","[0.9308067079862672, 0.9359979378799538, 0.9529974323014861, 0.9623815899689049, 0.9587376637493908, 0.9639878520974193, 0.9975056392521732, 0.9818465488554594, 0.0, 0.9487020968720871, 0.9614849250454199, 0.9430229260597771, 0.9759577815560084, 0.9706180817203544, 0.9691312175052175]","[0.9783633588416267, 0.9804105190114755, 0.983251213258717, 0.9675583428490127, 0.9839552713829501, 0.9935030011781839, 0.9984957715413398, 0.982750444573025, 0.0, 1.0, 1.0, 0.9859889391211883, 0.9966421559907077, 0.9923974970059245, 0.9996807720273826]"
barman,deepseek-reasoner,decstar,0.266667,0.266667,0.0,0.00042,0.0,7.0,0.3125,False,True,True,False,A(Stat),2026-05-12T10:43:23.351809,"[null, null, 114.714258, 204.866209, null, null, null, null, null, null, 77.820812, null, 2.557545, null, null]","[0.0, 0.0, 0.0017189550632116246, -0.0034983420914612706, 0.0, 0.0, 0.0, 0.0, 0.0, 0.0, 0.0007726672913200838, 0.0, 0.0073108458578599045, 0.0, 0.0]","[0.0, 0.0, 0.9972433205343085, 0.9999799636332242, 0.0, 0.0, 0.0, 0.0, 0.0, 0.0, 0.9992273327086799, 0.0, 0.9818584014003399, 0.0, 0.0]","[0.0, 0.0, 0.9989622755975202, 0.9964816215417629, 0.0, 0.0, 0.0, 0.0, 0.0, 0.0, 1.0, 0.0, 0.9891692472581998, 0.0, 0.0]"
barman,gemini-3.1-pro-preview-customtools,madagascar,0.266667,0.333333,0.066667,-0.037975,0.0,9.0,0.65625,False,False,True,False,"A(Stat), B(Prac)",2026-05-12T10:43:23.371806,"[56.226553, null, null, 23.554715, null, null, 24.757185, 76.536059, null, null, 291.314403, 29.320626, 80.408323, 142.277232, null]","[0.5565324216433913, 0.0, 0.0, -0.1945004667083653, 0.0, 0.0, -0.4758668612024677, 0.6094225215121357, 0.0, 0.0, 0.0, 0.0, -0.06521892844544197, -1.0, 0.0]","[0.0, 0.0, 0.0, 0.6709671171021, 0.0, 0.0, 1.0, 0.0, 0.0, 0.0, 0.0, 0.0, 1.0, 1.0, 0.0]","[0.5565324216433913, 0.0, 0.0, 0.4764666503937347, 0.0, 0.0, 0.5241331387975323, 0.6094225215121357, 0.0, 0.0, 0.0, 0.0, 0.934781071554558, 0.0, 0.0]"
depots,deepseek-reasoner,madagascar,1.0,1.0,0.0,0.077885,0.087573,112.0,0.000763,True,True,True,True,N/A,2026-05-12T10:43:23.392056,"[0.331734, 0.332332, 0.337427, 0.359763, 0.349817, 0.395831, 0.554161, 0.432853, 0.768249, 0.38352, 0.480167, 0.38624, 0.531765, 0.906495, 0.459224]","[0.08816749011651359, 0.08850192207029695, 0.08757330708805189, 0.08885181138097253, 0.08625954375581946, 0.0806632743460195, 0.08480512921937411, 0.11076555603903526, -0.0880509748520183, 0.089204684326748, 0.05912221027832676, 0.1393743153081698, 0.07080137387844376, 0.06338816344592602, 0.11884569425834701]","[0.9118325098834864, 0.911498077929703, 0.9124266929119481, 0.9111481886190275, 0.9137404562441805, 0.9180532959763898, 0.9151948707806259, 0.8892344439609647, 0.9641727012014502, 0.910795315673252, 0.9248924965073071, 0.8606256846918302, 0.9291986261215562, 0.936611836554074, 0.881154305741653]","[1.0, 1.0, 1.0, 1.0, 1.0, 0.9987165703224093, 1.0, 1.0, 0.8761217263494319, 1.0, 0.9840147067856339, 1.0, 1.0, 1.0, 1.0]"
barman,deepseek-reasoner,madagascar,0.266667,0.266667,0.0,0.012036,0.0,7.5,0.59375,False,True,True,False,A(Stat),2026-05-12T10:43:23.411975,"[56.226553, null, null, 23.554715, null, null, 24.757185, 76.536059, null, null, 291.314403, 29.320626, 80.408323, 142.277232, null]","[1.0, 0.0, 0.0, 0.3290328828979, 0.0, 0.0, -1.0, 0.0, 0.0, 0.0, 0.0, 0.0, -0.07693771134784733, -0.07156243453487765, 0.0]","[0.0, 0.0, 0.0, 0.6709671171021, 0.0, 0.0, 1.0, 0.0, 0.0, 0.0, 0.0, 0.0, 1.0, 1.0, 0.0]","[1.0, 0.0, 0.0, 1.0, 0.0, 0.0, 0.0, 0.0, 0.0, 0.0, 0.0, 0.0, 0.9230622886521527, 0.9284375654651223, 0.0]"
